{
  "encoder_name": "densenet121-res224-all",
  "embed_dim": 1024,
  "img_size": 224,
  "normalize": {
    "mean": [
      0.5,
      0.5,
      0.5
    ],
    "std": [
      0.25,
      0.25,
      0.25
    ]
  },
  "default_threshold": 0.7,
  "cv_report": {
    "n_splits": 5,
    "auc_mean": 0.4588235294117647,
    "acc_mean": 0.6953216374269007,
    "confusion_matrices": [
      [
        [
          12,
          5
        ],
        [
          2,
          0
        ]
      ],
      [
        [
          14,
          3
        ],
        [
          1,
          1
        ]
      ],
      [
        [
          12,
          4
        ],
        [
          2,
          0
        ]
      ],
      [
        [
          15,
          1
        ],
        [
          2,
          0
        ]
      ],
      [
        [
          9,
          7
        ],
        [
          1,
          1
        ]
      ]
    ]
  }
}